{"Select Eggs":[""],"Auto Open Seedpack":false,"Select Mutation   ":[""],"Auto Buy All Eggs":false,"Auto Buy Eggs":false,"Select Honey":[""],"Select Assets Type":[""],"Select Seeds":["","Tomato","Pineapple","Cauliflower","Green Apple","Banana","Avocado","Kiwi","Bell Pepper","Prickly Pear","Loquat","Feijoa"],"Auto UnFavourite All Fruits":false,"Select Blacklist Variant":[""],"Auto Buy All Seeds":false,"Enable Pets Follow Player":false,"Infinite Jump":false,"Auto Buy Seeds":true,"Time Gives":"0.6","Stop Submit if Reached Point":"0","Select Blacklist Mutation":[""],"Auto Buy All Gears":false,"Auto Buy Gears":false,"Auto UnFavourite Fruits":false,"Select Position ":[""],"ESP Eggs":false,"Enable Walkspeed":false,"Auto Collect Most Valuable Fruits":false,"Select Mode":[""],"Select Rarity Seed ":["","Prismatic","Divine"],"Job ID":"","Background Transparency":0.1,"Select Theme":[""],"Input Name":"","Place Version":"","Select Eggs ":[""],"Select Plants":[""],"Select Fruits  ":[""],"Select Variant  ":[""],"Select Whitelist Fruit":["","Pineapple","Cauliflower","Green Apple","Banana","Avocado","Kiwi","Bell Pepper","Prickly Pear","Feijoa","Loquat","Pear","Rosy Delight","Tomato"],"Auto Collect Fruits ":false,"Select Whitelist Variant":[""],"Select Use Video Background":[""],"Auto Collect Honey":false,"Allow Sell If Backpack Is Max":true,"Prevent Sell Mutation":[""],"Feed Until Max":false,"Select Plants  ":[""],"Auto Buy All Honey":false,"Auto UnFavorite Plants":false,"Remove Notification UI":false,"Show Value Money In Fruits":false,"Auto Submit All Summer Fruit":false,"Select Tree":[""],"Instant Collect":false,"Enable Prevent Mode":false,"Select Whitelist Mutation":[""],"Auto Collect Whitelisted Mutations":false,"Select Seed ":["","Tomato","Pineapple","Cauliflower","Green Apple","Avocado","Banana","Bell Pepper","Kiwi","Prickly Pear","Feijoa","Loquat"],"Enable Move Plants":false,"Stop Collect If Backpack Is Full Max":true,"Select Seed Recipes":[""],"Select Blacklist Fruits  ":[""],"Auto Plants All Seeds":false,"Select Pets":[""],"Select Use Image Background":[""],"Auto Collect Heaviest Fruits":false,"Whitelist Weight":"0","Auto Favourite Fruits":false,"Select Position":["Random"],"Auto Equip All Pets":false,"Allow Submit All If Backpack is Full Max":false,"Select Mutations    ":[""],"Delay To Place Eggs":"0","Select Whitelist Fruits":[""],"Auto Buy Best Seeds":false,"Select Whitelist Mutations":[""],"Auto Give Favourited Fruits To Player":false,"Delay To Sell Inventory":"0","ESP Pets":false,"Select Position   ":[""],"Auto Craft":false,"Auto Sell":true,"Auto Hatch Eggs":false,"Auto Buy Honey":false,"Auto Buy Best Gears":false,"Prevent Sell Variant":[""],"Select Fruits":[""],"Auto Plants Seed":true,"Select Players":[""],"Select Gear Recipes":[""],"Select Blacklist Tree":[""],"Select Blacklist Fruits":[""],"Allow Move Plants to Pets If Passive is ready":false,"Auto Collect Whitelisted Fruits":true,"Threshold Hunger":"","ESP Fruit":false,"Auto Shovel Tree":false,"Prevent Giving Any Mutation on Pollinated Fruit":false,"Auto Give Fruits To Player":false,"Auto Accept Trade":false,"Select Pets   ":[""],"Auto Collect Fruits":false,"Prevent Sell Pets":[""],"Set Speed":"","Stop Collect If Weather Is Here":false,"Auto UnFavorite All Plants":false,"Auto Give Pollinated to Honey Combpressor":false,"Select Fruits    ":[""],"Select Language":["Vietnamese"],"Show Screen White":false,"Select Fruits   ":[""],"Auto Remove All Garden Players":false,"Hide All Fruits":false,"Auto Feed Pets":false,"Auto Sell Pets":false,"Select Variant    ":[""],"Auto Water Fruits":false,"Delay To Plants":"0","Auto Buy Best Honey":false,"Select Mutations  ":[""],"Auto Favorite Plants":false,"Select Variant   ":[""],"Delay To Sprinkler":"0","Select Gears":[""],"Auto Sprinkler":false,"Auto Collect All Fruits":false,"Auto Reconnect":false,"Auto Move Plants To Pets":false,"Blacklist Weight":"0","Hide All Tree":true,"Show Screen Black":false,"Allow Show Value Money":false,"Auto Skipper At Rarity (BETA)":true,"Lock Pets":false,"No Clip":false,"Auto Hop Until Place Version":false,"Sell Pets":[""],"Prevent Feed Mutation Fruit":[""],"Prevent Sell Fruits":[""],"Auto Place Eggs":false,"Select Sprinkler":[""],"Input URL":""}